{
    "users": [
        {
            "name": "admin",
            "phone": "1234567890",
            "email": "admin@example.com",
            "password": "admin",
            "id": 1,
            "admin" : true
        },
        {
            "name": "abc",
            "phone": "1234567890",
            "email": "abc@example.com",
            "password": "abc",
            "id": 2
        },
        {
            "name": "def",
            "phone": "4434242254",
            "email": "def@example.com",
            "password": "abc",
            "id": 3
        },
        {
            "name": "xyz",
            "phone": "6553455445",
            "email": "xyz@example.com",
            "password": "abc",
            "id": 4
        },{
            "name": "Jody Kneesha",
            "phone": "404-559-0818",
            "email": "jkneesha0@seattletimes.com",
            "password": "42Tql5d",
            "id": 1
          }, {
            "name": "Cherilynn Pluck",
            "phone": "464-374-2388",
            "email": "cpluck1@techcrunch.com",
            "password": "dRjx8xmz",
            "id": 2
          }, {
            "name": "Sid Allsupp",
            "phone": "387-219-6095",
            "email": "sallsupp2@slashdot.org",
            "password": "rqfSa1h3F",
            "id": 3
          }, {
            "name": "Meredeth Ballantine",
            "phone": "101-576-6596",
            "email": "mballantine3@webnode.com",
            "password": "JBZEQRQ4X",
            "id": 4
          }, {
            "name": "Currey Josefsson",
            "phone": "647-233-2865",
            "email": "cjosefsson4@zimbio.com",
            "password": "DXI6WkPFvAH",
            "id": 5
          }, {
            "name": "Scott Hartshorne",
            "phone": "822-730-8657",
            "email": "shartshorne5@mit.edu",
            "password": "lEa9cAs0",
            "id": 6
          }, {
            "name": "Kristen Benedict",
            "phone": "117-966-1636",
            "email": "kbenedict6@phoca.cz",
            "password": "0tpLjcW8DKBy",
            "id": 7
          }, {
            "name": "Gwyneth Cleen",
            "phone": "785-441-5506",
            "email": "gcleen7@drupal.org",
            "password": "2VfVG9xDe",
            "id": 8
          }, {
            "name": "Chen Ruler",
            "phone": "282-265-2166",
            "email": "cruler8@imageshack.us",
            "password": "Itzd4s0AH",
            "id": 9
          }, {
            "name": "Lynea McJerrow",
            "phone": "783-324-4844",
            "email": "lmcjerrow9@squarespace.com",
            "password": "2bRpMgrjQN1S",
            "id": 10
          }, {
            "name": "Prescott Neil",
            "phone": "301-110-9606",
            "email": "pneila@newyorker.com",
            "password": "zabru0HGSDa",
            "id": 11
          }, {
            "name": "Jerrie Ecles",
            "phone": "411-330-9994",
            "email": "jeclesb@adobe.com",
            "password": "dTDQaOjbcbwO",
            "id": 12
          }, {
            "name": "Ruperto Hairsine",
            "phone": "355-815-4695",
            "email": "rhairsinec@amazon.com",
            "password": "0oiEUP7",
            "id": 13
          }, {
            "name": "Jinny Peery",
            "phone": "100-963-4187",
            "email": "jpeeryd@indiatimes.com",
            "password": "yZCCbY",
            "id": 14
          }, {
            "name": "Bud Lester",
            "phone": "640-753-4814",
            "email": "blestere@over-blog.com",
            "password": "DZPjhgVp3ub",
            "id": 15
          }, {
            "name": "Dave Legonidec",
            "phone": "217-476-4441",
            "email": "dlegonidecf@google.ru",
            "password": "8Mx7gH",
            "id": 16
          }, {
            "name": "Linus Imort",
            "phone": "355-683-5306",
            "email": "limortg@phoca.cz",
            "password": "FqHjiPGb",
            "id": 17
          }, {
            "name": "Gnni Peaurt",
            "phone": "962-700-5607",
            "email": "gpeaurth@elegantthemes.com",
            "password": "2TF1wQ",
            "id": 18
          }, {
            "name": "Bale Daish",
            "phone": "117-367-0539",
            "email": "bdaishi@ucla.edu",
            "password": "dBoJ2HAkoG",
            "id": 19
          }, {
            "name": "Ritchie Falck",
            "phone": "372-170-3561",
            "email": "rfalckj@imgur.com",
            "password": "qY18N0F",
            "id": 20
          }, {
            "name": "Dione Macias",
            "phone": "248-514-9787",
            "email": "dmaciask@rambler.ru",
            "password": "L492rA6j5",
            "id": 21
          }, {
            "name": "Ray Musgrave",
            "phone": "133-144-4922",
            "email": "rmusgravel@blogger.com",
            "password": "YiirXPO8xUGs",
            "id": 22
          }, {
            "name": "Gaston Gunney",
            "phone": "967-730-9756",
            "email": "ggunneym@bloglines.com",
            "password": "m7qwcZ",
            "id": 23
          }, {
            "name": "Jennine Kigelman",
            "phone": "809-939-8309",
            "email": "jkigelmann@ftc.gov",
            "password": "3uWdSLnCeLT",
            "id": 24
          }, {
            "name": "Slade O'Brallaghan",
            "phone": "341-245-3587",
            "email": "sobrallaghano@nba.com",
            "password": "9b9D6CXQw",
            "id": 25
          }
    ],
    "restaurants": [
        {
            "name": "Wendy's",
            "ratings": 5,
            "location" : {
                "street" : "xyz",
                "zip" : "31234"
            },
            "id" : 1
        },
        {
            "name": "Burger King",
            "location" : {
                "street" : "xyz",
                "zip" : "31234"
            },
            "ratings": 5,
            "id" : 2
        }
    ],
    "food": [
        {
            "name": "Burger",
            "price": "3.99",
            "description": "Lorem Ipsum",
            "category": "American",
            "restaurant": 1,
            "rating": 5,
            "id": 1
        },
        {
            "name": "Burger",
            "price": "2.99",
            "description": "Lorem Ipsum",
            "category": "American",
            "restaurant": 2,
            "rating": 5,
            "id": 1
        },
        {
            "name": "Skinder",
            "location": "{street}, {zip}",
            "id": 1,
            "ratings": 1
          }, {
            "name": "Avavee",
            "location": "{street}, {zip}",
            "id": 2,
            "ratings": 2
          }, {
            "name": "Trunyx",
            "location": "{street}, {zip}",
            "id": 3,
            "ratings": 3
          }, {
            "name": "Lajo",
            "location": "{street}, {zip}",
            "id": 4,
            "ratings": 4
          }, {
            "name": "Centidel",
            "location": "{street}, {zip}",
            "id": 5,
            "ratings": 5
          }, {
            "name": "Livetube",
            "location": "{street}, {zip}",
            "id": 6,
            "ratings": 6
          }, {
            "name": "Zoomlounge",
            "location": "{street}, {zip}",
            "id": 7,
            "ratings": 7
          }, {
            "name": "Jayo",
            "location": "{street}, {zip}",
            "id": 8,
            "ratings": 8
          }, {
            "name": "Avavee",
            "location": "{street}, {zip}",
            "id": 9,
            "ratings": 9
          }, {
            "name": "Omba",
            "location": "{street}, {zip}",
            "id": 10,
            "ratings": 10
          }, {
            "name": "Realcube",
            "location": "{street}, {zip}",
            "id": 11,
            "ratings": 11
          }, {
            "name": "Tazzy",
            "location": "{street}, {zip}",
            "id": 12,
            "ratings": 12
          }, {
            "name": "Jaxbean",
            "location": "{street}, {zip}",
            "id": 13,
            "ratings": 13
          }, {
            "name": "Twitternation",
            "location": "{street}, {zip}",
            "id": 14,
            "ratings": 14
          }, {
            "name": "Jaxspan",
            "location": "{street}, {zip}",
            "id": 15,
            "ratings": 15
          }, {
            "name": "Jabbertype",
            "location": "{street}, {zip}",
            "id": 16,
            "ratings": 16
          }, {
            "name": "Wikido",
            "location": "{street}, {zip}",
            "id": 17,
            "ratings": 17
          }, {
            "name": "Edgeclub",
            "location": "{street}, {zip}",
            "id": 18,
            "ratings": 18
          }, {
            "name": "Zooxo",
            "location": "{street}, {zip}",
            "id": 19,
            "ratings": 19
          }, {
            "name": "Eayo",
            "location": "{street}, {zip}",
            "id": 20,
            "ratings": 20
          }, {
            "name": "Photojam",
            "location": "{street}, {zip}",
            "id": 21,
            "ratings": 21
          }, {
            "name": "Snaptags",
            "location": "{street}, {zip}",
            "id": 22,
            "ratings": 22
          }, {
            "name": "Rooxo",
            "location": "{street}, {zip}",
            "id": 23,
            "ratings": 23
          }, {
            "name": "Devshare",
            "location": "{street}, {zip}",
            "id": 24,
            "ratings": 24
          }, {
            "name": "Gevee",
            "location": "{street}, {zip}",
            "id": 25,
            "ratings": 25
          }
    ],
    "orders": [
        {
            "user": "abc@example.com",
            "status" : "PENDING",
            "items": [
                {
                    "name": "Burger",
                    "price": "3.99",
                    "description": "Lorem Ipsum",
                    "category": "American",
                    "vender": "Wendy's",
                    "id": 1
                }
            ],
            "id": 1
        },
        {
            "user": "gtanby0@salon.com",
            "status": "PENDING",
            "items": [
              {
                "name": "Trueblue - Blueberry",
                "price": "$3.35",
                "description": "Integer a nibh.",
                "vender": "Gigabox",
                "id": 1
              }
            ],
            "id": 1
          }, {
            "user": "bpetrussi1@etsy.com",
            "status": "IN PROGRESS",
            "items": [
              {
                "name": "Lobster - Baby, Boiled",
                "price": "$3.60",
                "description": "Suspendisse accumsan tortor quis turpis.",
                "vender": "Oyope",
                "id": 1
              }
            ],
            "id": 2
          }, {
            "user": "creimer2@opera.com",
            "status": "COMPLETE",
            "items": [
              {
                "name": "Wine - Red, Mosaic Zweigelt",
                "price": "$9.86",
                "description": "Vestibulum ac est lacinia nisi venenatis tristique.",
                "vender": "Thoughtbridge",
                "id": 1
              }
            ],
            "id": 3
          }, {
            "user": "amerrick3@stumbleupon.com",
            "status": "PENDING",
            "items": [
              {
                "name": "Kolrabi",
                "price": "$9.89",
                "description": "Nunc rhoncus dui vel sem.",
                "vender": "Kanoodle",
                "id": 1
              }
            ],
            "id": 4
          }, {
            "user": "pmanon4@prlog.org",
            "status": "IN PROGRESS",
            "items": [
              {
                "name": "Wine - Periguita Fonseca",
                "price": "$7.25",
                "description": "Vestibulum ante ipsum primis in faucibus orci luctus et ultrices posuere cubilia Curae; Duis faucibus accumsan odio.",
                "vender": "Oloo",
                "id": 1
              }
            ],
            "id": 5
          }, {
            "user": "soret5@microsoft.com",
            "status": "COMPLETE",
            "items": [
              {
                "name": "Sugar - Crumb",
                "price": "$4.49",
                "description": "Quisque ut erat.",
                "vender": "Yambee",
                "id": 1
              }
            ],
            "id": 6
          }, {
            "user": "lclyburn6@ow.ly",
            "status": "PENDING",
            "items": [
              {
                "name": "Pasta - Cannelloni, Sheets, Fresh",
                "price": "$2.11",
                "description": "Integer ac leo.",
                "vender": "Snaptags",
                "id": 1
              }
            ],
            "id": 7
          }, {
            "user": "bbaudoux7@mozilla.com",
            "status": "IN PROGRESS",
            "items": [
              {
                "name": "Nestea - Iced Tea",
                "price": "$8.64",
                "description": "In hac habitasse platea dictumst.",
                "vender": "Skilith",
                "id": 1
              }
            ],
            "id": 8
          }, {
            "user": "icantrell8@slashdot.org",
            "status": "COMPLETE",
            "items": [
              {
                "name": "Muffin Mix - Blueberry",
                "price": "$3.50",
                "description": "Praesent id massa id nisl venenatis lacinia.",
                "vender": "Thoughtstorm",
                "id": 1
              }
            ],
            "id": 9
          }, {
            "user": "lharsum9@usatoday.com",
            "status": "PENDING",
            "items": [
              {
                "name": "Apple - Custard",
                "price": "$2.26",
                "description": "Morbi non lectus.",
                "vender": "Einti",
                "id": 1
              }
            ],
            "id": 10
          }, {
            "user": "erochella@google.com.hk",
            "status": "IN PROGRESS",
            "items": [
              {
                "name": "Carbonated Water - Lemon Lime",
                "price": "$2.26",
                "description": "Vivamus vestibulum sagittis sapien.",
                "vender": "Kimia",
                "id": 1
              }
            ],
            "id": 11
          }, {
            "user": "dpietrowskib@ucsd.edu",
            "status": "COMPLETE",
            "items": [
              {
                "name": "Skirt - 29 Foot",
                "price": "$8.21",
                "description": "Praesent lectus.",
                "vender": "Edgeblab",
                "id": 1
              }
            ],
            "id": 12
          }, {
            "user": "cmuroc@privacy.gov.au",
            "status": "PENDING",
            "items": [
              {
                "name": "Wine - Barbera Alba Doc 2001",
                "price": "$8.67",
                "description": "Duis at velit eu est congue elementum.",
                "vender": "Wordware",
                "id": 1
              }
            ],
            "id": 13
          }, {
            "user": "dperched@taobao.com",
            "status": "IN PROGRESS",
            "items": [
              {
                "name": "Tomatoes - Orange",
                "price": "$4.91",
                "description": "Phasellus sit amet erat.",
                "vender": "Rhyzio",
                "id": 1
              }
            ],
            "id": 14
          }, {
            "user": "jgreenroyde@arstechnica.com",
            "status": "COMPLETE",
            "items": [
              {
                "name": "Shrimp - Black Tiger 16/20",
                "price": "$8.94",
                "description": "Vestibulum ante ipsum primis in faucibus orci luctus et ultrices posuere cubilia Curae; Duis faucibus accumsan odio.",
                "vender": "Yakidoo",
                "id": 1
              }
            ],
            "id": 15
          }, {
            "user": "kmalekf@paginegialle.it",
            "status": "PENDING",
            "items": [
              {
                "name": "Beef - Eye Of Round",
                "price": "$8.27",
                "description": "Integer aliquet, massa id lobortis convallis, tortor risus dapibus augue, vel accumsan tellus nisi eu orci.",
                "vender": "Skilith",
                "id": 1
              }
            ],
            "id": 16
          }, {
            "user": "fflipekg@patch.com",
            "status": "IN PROGRESS",
            "items": [
              {
                "name": "Catfish - Fillets",
                "price": "$7.96",
                "description": "Morbi quis tortor id nulla ultrices aliquet.",
                "vender": "Vidoo",
                "id": 1
              }
            ],
            "id": 17
          }, {
            "user": "tsymonsh@multiply.com",
            "status": "COMPLETE",
            "items": [
              {
                "name": "Coffee Guatemala Dark",
                "price": "$6.14",
                "description": "Nulla facilisi.",
                "vender": "Babbleset",
                "id": 1
              }
            ],
            "id": 18
          }, {
            "user": "dsinnotti@wsj.com",
            "status": "PENDING",
            "items": [
              {
                "name": "Magnotta - Bel Paese White",
                "price": "$8.21",
                "description": "Quisque erat eros, viverra eget, congue eget, semper rutrum, nulla.",
                "vender": "Thoughtstorm",
                "id": 1
              }
            ],
            "id": 19
          }, {
            "user": "ppaulilloj@google.cn",
            "status": "IN PROGRESS",
            "items": [
              {
                "name": "Wine - Penfolds Koonuga Hill",
                "price": "$2.89",
                "description": "Nunc nisl.",
                "vender": "Kare",
                "id": 1
              }
            ],
            "id": 20
          }, {
            "user": "bvilak@over-blog.com",
            "status": "COMPLETE",
            "items": [
              {
                "name": "Veal - Sweetbread",
                "price": "$2.89",
                "description": "Nulla tellus.",
                "vender": "Wikizz",
                "id": 1
              }
            ],
            "id": 21
          }, {
            "user": "aharomel@google.nl",
            "status": "PENDING",
            "items": [
              {
                "name": "Pepper - Julienne, Frozen",
                "price": "$6.72",
                "description": "Duis ac nibh.",
                "vender": "Twinder",
                "id": 1
              }
            ],
            "id": 22
          }, {
            "user": "phurlestonem@cornell.edu",
            "status": "IN PROGRESS",
            "items": [
              {
                "name": "Chocolate - Mi - Amere Semi",
                "price": "$3.84",
                "description": "Maecenas tincidunt lacus at velit.",
                "vender": "Vimbo",
                "id": 1
              }
            ],
            "id": 23
          }, {
            "user": "avasyukhinn@spotify.com",
            "status": "COMPLETE",
            "items": [
              {
                "name": "Wine - White, Colubia Cresh",
                "price": "$9.34",
                "description": "Nunc rhoncus dui vel sem.",
                "vender": "Oozz",
                "id": 1
              }
            ],
            "id": 24
          }, {
            "user": "gandriolettio@fema.gov",
            "status": "PENDING",
            "items": [
              {
                "name": "Silicone Parch. 16.3x24.3",
                "price": "$3.39",
                "description": "Pellentesque ultrices mattis odio.",
                "vender": "Tagpad",
                "id": 1
              }
            ],
            "id": 25
          },
          {
            "user": "abc@example.com",
            "status": "COMPLETE",
            "items": [
              {
                "name": "Silicone Parch. 16.3x24.3",
                "price": "$3.39",
                "description": "Pellentesque ultrices mattis odio.",
                "vender": "Tagpad",
                "id": 1
              },
              {
                "name": "Steak Burger",
                "price": "$7.00",
                "description": "Pellentesque ultrices mattis odio.",
                "vender": "Tagpad",
                "id": 2
              }
            ],
            "id": 26
          },
          {
            "user": "abc@example.com",
            "status": "IN PROGRESS",
            "items": [
              {
                "name": "Silicone Parch. 16.3x24.3",
                "price": "$3.39",
                "description": "Pellentesque ultrices mattis odio.",
                "vender": "Tagpad",
                "id": 1
              },
              {
                "name": "Steak Burger",
                "price": "$7.00",
                "description": "Pellentesque ultrices mattis odio.",
                "vender": "Tagpad",
                "id": 2
              },
              {
                "name": "Hot dog",
                "price": "$2.00",
                "description": "Pretty good hotdog",
                "vender": "Tagpad",
                "id": 3
              }
            ],
            "id": 27
          }
    ],
    "friends" : [{
        "name" : "abc@example.com",
        "friends" : [3]
    },
    {
        "name" : "def@example.com",
        "friends" : [1,3]
    }]
}